Text,Type
Bucklin State Bank,BANK
"Bucklin, Kansas",LOCATION
"Bucklin, Missouri",LOCATION
Buckman & Ulmer,BANK
"Jacksonville, Fla.",LOCATION
Bucyrus City Bank,BANK
Buena State Bank,BANK
"Buena, Washington",LOCATION
"Bucyrus, Ohio",LOCATION
Buena Vista Loan & Savings Bank,BANK
"Buena, Vista, Georgia",LOCATION
Buena Vista State Bank,BANK
"Chester, Ill.",LOCATION
Buffalo Building & Loan Assn.,BANK
"Buffalo, Wyo.",LOCATION
Buffalo Gap State Bank,BANK
"Buffalo Gap, South Dakota",LOCATION
Buffalo Savings Bank,BANK
"Buffalo, Iowa",LOCATION
"Buffalo, Union",LOCATION
Carolina Railroad,BANK
Builders & Merchants Bank & Trust Company,BANK
"Chicago, Illinois",LOCATION
Builders Mortgage Company,BANK
"Houston, Texas",LOCATION
Building & Loan Association,BANK
"Milton, Pennsylvania",LOCATION
Building & Loan Association Harmonia,BANK
"Elizabeth, New Jersey",LOCATION
"Jackson, Mississippi",LOCATION
Build-With Brick Mortgage Company,BANK
"Cleveland, Ohio",LOCATION
Bullitt County Bank,BANK
"Shepherdsville, Kentucky",LOCATION
Bulloch Mortgage Loan Company,BANK
"Statesboro, Georgia",LOCATION
Bullock County Bank,BANK
Buna State Bank,BANK
"Buna, Texas",LOCATION
Bunnell State Bank,BANK
"Bunnell, Florida",LOCATION
Burke State Bank,BANK
"Burke, South Dakota",LOCATION
Burlington County National Bank,BANK
"Medford, New Jersey",LOCATION
Burlington County Trust Company,BANK
Burlington Joint Stock Land Bank,BANK
"Des Moines, Iowa",LOCATION
Burlington National Bank,BANK
"Burlington, Wisconsin",LOCATION
Burlington Savings Bank,BANK
"Burlington, Iowa",LOCATION
Burlington State Bank,BANK
"Burlington, Indiana",LOCATION
Burlington Trust Co.,BANK
"Burlington, Vt.",LOCATION
Burlington Trust Company,BANK
"Burlington, Vermont",LOCATION
Burnet National Bank,BANK
"Burnet, Texas",LOCATION
Burnett State Bank,BANK
"Burnett, Wisconsin",LOCATION
Burnham Street State Bank,BANK
"West Allis, Wisconsin",LOCATION
Burns National Bank,BANK
"Durango, Colorado",LOCATION
Burnside National Bank,BANK
"Burnside, Pennsylvania",LOCATION
Burnside Savings Bank,BANK
"Burnside, Iowa",LOCATION
Burt County State Bank,BANK
"Tekamah, Nebr.",LOCATION
Burt State Bank,BANK
"Burt, N. D.",LOCATION
Busey's State Bank,BANK
"Urbana, Illinois",LOCATION
Bush City State Bank,BANK
"Bush City, Kansas",LOCATION
Business Men's Building & Loan Association,BANK
"Jersey City, New Jersey",LOCATION
Butler Savings & Trust Co.,BANK
"Butler, Pa.",LOCATION
Butte County Bank,BANK
"Arco, Idaho",LOCATION
Butte Valley State Bank,BANK
"Dorris, California",LOCATION
Byars State Bank,BANK
"Byars, Oklahoma",LOCATION
"Byers, Colorado",LOCATION
Byram National Bank,BANK
"East Port Chester, Connecticut",LOCATION
Byron Center State Bank,BANK
"Byron Center, Mich.",LOCATION
Bystra Voda Building Loan & Homestead Assn.,BANK
"Chicago, Ill.",LOCATION
C. M. N. Investment Company,BANK
"Everett, Washington.",LOCATION
Cabiness-Swan Investment Company,BANK
"Oklahoma City, Oklahoma",LOCATION
Cabot Trust Company,BANK
"Chicopee, Massachusetts",LOCATION
Cache Valley Banking Co.,BANK
"Logan, Utah.",LOCATION
Cache Valley Banking Company,BANK
"Logan, Utah",LOCATION
Caddo Trust & Savings Bank,BANK
"Belcher, Louisiana",LOCATION
Cadillac State Bank,BANK
"Cadillac, Michigan",LOCATION
Cadillac State Depositors Corporation,BANK
Cahn Bank & Trust Company,BANK
"Meridian, Mississippi",LOCATION
Cairo Banking Company,BANK
"Cairo, Georgia",LOCATION
Cairo-Alexander County Bank,BANK
"Cairo, Ill.",LOCATION
Cherryville National Bank,LOCATION
"Cherryville, North Carolina",LOCATION
Chesapeake Banking Company,BANK
"Lively, Virginia",LOCATION
Chesapeake Mortgage Company,BANK
"Baltimore, Maryland",LOCATION
Cheshire County Savings Bank,BANK
"Keene, New Hampshire",LOCATION
Chesnee Cash Depository,BANK
"Chesnee, South Carolina",LOCATION
Chester Building & Loan Assn.,BANK
"Chester, Conn.",LOCATION
Chester County Trust Company,BANK
"West Chester, Pennsylvania",LOCATION
Chester State Bank,BANK
"Chester, Nebraska",LOCATION
Chester Trust Company,BANK
"Chester, Connecticut",LOCATION
Chester-Cambridge Bank & Trust Company,BANK
"Chester, Pennsylvania",LOCATION
Chester Cambridge Bank & Trust Company,BANK
Chesterfield County Bank,BANK
"Chester, Virginia",LOCATION
hester-Schroon-Horicon Bank,BANK
"Chestertown, New York",LOCATION
Chesterton State Bank,BANK
"Chesterton, Indiana",LOCATION
Chestertown Bank of Maryland,BANK
"Chestertown, Maryland",LOCATION
Broadway National Bank,BANK
"Chelsea, Massachusetts",LOCATION
Chestertown Bank,BANK
Chestnut Hill Title & Trust Company,BANK
"Philadelphia, Pennsylvania",LOCATION
Chetopa State Bank,BANK
"Chetopa, Kansas",LOCATION
Broadway Savings Bank,BANK
Broadway State Bank,BANK
"Los Angeles, California",LOCATION
Cheyenne County State Bank,BANK
"Cheyenne Wells, Colo.",LOCATION